team1_id,team2_id,distance_km
1,2,5
1,3,3
1,4,250
1,5,430
1,6,430
1,7,430
1,8,300
1,9,10
1,10,850
1,11,520
1,12,350
1,13,340
1,14,230
1,15,400
1,16,360
1,17,520
1,18,460

2,3,6
2,4,255
2,5,435
2,6,435
2,7,435
2,8,305
2,9,8
2,10,845
2,13,345
2,14,235
2,15,405
2,16,365
2,17,525
2,18,465

3,4,252
3,5,432
3,6,432
3,7,432
3,8,302
3,9,6
3,10,848
3,13,342
3,14,232
3,15,402
3,16,362
3,17,522
3,18,462

4,5,250
4,6,350
4,7,600
4,8,300
4,9,245
4,10,950
4,11,420
4,12,280
4,13,520
4,14,60
4,15,360
4,16,650
4,17,780
4,18,500

5,6,130
5,7,400
5,8,200
5,9,425
5,10,700
5,11,220
5,12,60
5,13,600
5,14,310
5,15,240
5,16,500
5,17,650
5,18,180

6,7,550
6,8,380
6,9,430
6,10,820
6,11,150
6,12,170
6,13,720
6,14,410
6,15,210
6,16,670
6,17,830
6,18,120

7,8,210
7,9,425
7,10,750
7,11,700
7,12,500
7,13,180
7,14,640
7,15,620
7,16,80
7,17,140
7,18,560

8,9,320
8,10,650
8,11,430
8,12,250
8,13,170
8,14,360
8,15,390
8,16,140
8,17,300
8,18,340

9,10,840
9,11,525
9,12,355
9,13,345
9,14,225
9,15,405
9,16,365
9,17,525
9,18,465

10,11,950
10,12,760
10,13,930
10,14,980
10,15,780
10,16,870
10,17,1020
10,18,840

11,12,200
11,13,780
11,14,470
11,15,120
11,16,730
11,17,890
11,18,140

12,13,620
12,14,330
12,15,180
12,16,540
12,17,700
12,18,110

13,14,560
13,15,760
13,16,250
13,17,170
13,18,690

14,15,340
14,16,620
14,17,760
14,18,480

15,16,650
15,17,810
15,18,180

16,17,160
16,18,600

17,18,760