team_id,team_name,city,stadium,latitude,longitude
1,MC Alger,Algiers,Stade du 5 Juillet,36.7456,2.9962
2,USM Alger,Algiers,Stade Omar Hamadi,36.7867,3.0586
3,CR Belouizdad,Algiers,Stade Nelson Mandela,36.7538,3.0588
4,JS Kabylie,Tizi Ouzou,Stade Hocine Ait Ahmed,36.7118,4.0459
5,ES Setif,Setif,Stade 8 Mai 1945,36.1900,5.4100
6,CS Constantine,Constantine,Stade Hamlaoui,36.3650,6.6147
7,MC Oran,Oran,Stade Ahmed Zabana,35.6971,-0.6417
8,ASO Chlef,Chlef,Stade Mohamed Boumezrag,36.1653,1.3345
9,Paradou AC,Algiers,Stade Hydra,36.7530,3.0410
10,JS Saoura,Bechar,Stade 20 Aout,31.6167,-2.2167
11,USM Khenchela,Khenchela,Stade Hammam Ammar,35.4333,7.1333
12,NC Magra,Magra,Stade Boucheligue,35.8667,5.5333
13,JSM Tiaret,Tiaret,Stade Kaid Ahmed,35.3711,1.3169
14,Olympique Akbou,Akbou,Stade de l'Unité Maghrébine,36.4575,4.5349
15,US Biskra,Biskra,Stade 18 Février,34.8504,5.7280
16,ES Mostaganem,Mostaganem,Stade Mohamed Bensaid,35.9397,0.0898
17,WA Tlemcen,Tlemcen,Stade Akid Lotfi,34.8828,-1.3167
18,HB Chelghoum Laid,Chelghoum Laid,Stade 11 Décembre 1960,36.1622,6.1667